route_id,agency_id,route_short_name,route_long_name,route_desc,route_type,route_url,route_color,route_text_color
28195,6,BSK-HLC,BEÞÝKTAÞ - KABATAÞ - KARAKÖY - KASIMPAÞA - SÜTLÜCE - EYÜP,,4,,,
28194,6,KDK-HLC,KADIKÖY - KASIMPAÞA - FENER - SÜTLÜCE - EYÜP,,4,,,
28191,6,ASYN-KCS,Aþiyan - Anadolu Hisarý - Küçüksu Ring,,4,https://www.sehirhatlari.istanbul/tr/seferler/ic-hatlar/istanbul-ici-hatlar/asiyan-anadolu-hisari-kucuksu-ring-hatti-2014,,
7060,6,BOS-KRK-KBTÞ,BOSTANCI - KARAKÖY - KABATAÞ,,4,http://www.sehirhatlari.istanbul/tr/seferler/bostanci-karakoy-6498.html,,
26722,6,BYKADA-HYBADA,HEYBELÝADA-BÜYÜKADA,,4,http://www.sehirhatlari.istanbul/tr/seferler/bostanci-adalar-ring-hatti-9504.html,,
26721,6,BOS-ADA_RING,BOSTANCI-ADALAR RING,,4,http://www.sehirhatlari.istanbul/tr/seferler/bostanci-adalar-ring-hatti-9504.html,,
26719,6,BÞK-BYKADA,BEÞÝKTAÞ-HEYBELÝADA-BÜYÜKADA,,4,http://www.sehirhatlari.istanbul/tr/seferler/besiktas-heybeliada-buyukada-3487.html,,
26718,6,BÞK-ADA_2,BEÞÝKTAÞ-KINALIADA-BURGAZADA,,4,http://www.sehirhatlari.istanbul/tr/seferler/besiktas-kinaliada-burgazada-3486.html,,
26717,6,BÞK-ADA,BEÞÝKTAÞ-KINALIADA-BURGAZADA,,4,http://www.sehirhatlari.istanbul/tr/seferler/besiktas-kinaliada-burgazada-3486.html,,
26716,6,KBTÞ-EMN-KDK-ADA,KABATAÞ - EMÝNÖNÜ - KADIKÖY - ADALAR,,4,http://www.sehirhatlari.istanbul/tr/seferler/kabatas-eminonu-kadikoy-adalar-369.html,,
26715,6,BOS-ADA,BOSTANCI - ADALAR (BÜYÜKADA - HEYBELÝADA),,4,http://www.sehirhatlari.istanbul/tr/seferler/bostanci-adalar-370.html,,
2063,6,ÇNGK-iST,ÇENGELKÖY - ÝSTÝNYE,,4,,,
831,6,BÐZ-16,BOÐAZA GÝDÝÞ,,4,,,
7503,6,BYK-ÜSK,BEYKOZ - ÜSKÜDAR,,4,http://www.sehirhatlari.com.tr/tr/seferler/,,
7496,6,ERGVN,ERGUVAN TURU,,4,http://www.sehirhatlari.com.tr/tr/seferler/,,
7493,6,KISA BÐZ,KISA BOÐAZ TURU,,4,http://www.sehirhatlari.com.tr/tr/seferler/,,
817,6,BÐZ-6,BOÐAZDAN GELÝÞ,,4,,,
804,6,BÐZ-23,BOÐAZA GÝDÝÞ,,4,,,
807,6,BÐZ-17,BOÐAZA GÝDÝÞ,,4,,,
2057,6,BÐZ-24,BOÐAZA GÝDÝÞ,,4,,,
2059,6,SRY-RMK-AKV,SARIYER-RUMELÝ KAVAÐI-ANADOLU KAVAÐI,,4,,,
808,6,BÐZ-8,BOÐAZDAN GELÝÞ,,4,,,
7494,6,AKV-ÜSK,ANADOLU KAVAÐI - ÜSKÜDAR,,4,http://www.sehirhatlari.com.tr/tr/seferler/,,
7495,6,LALE FST,LALE FESTÝVALÝ(Kadýköy-Üsküdar-Emirgan),,4,http://www.sehirhatlari.com.tr/tr/seferler/,,
818,6,BÐZ-21,BOÐAZA GÝDÝÞ,,4,,,
2052,6,ADA - BOS,ADALAR - BOSTANCI,,4,,,
7506,6,ADA-EMN,ADALAR - EMÝNÖNÜ (KADIKÖY UÐRAMASIZ),,4,http://www.sehirhatlari.com.tr/tr/seferler/,,
824,6,BÐZ-3,BOÐAZDAN GELÝÞ,,4,,,
806,6,BÐZ-2,BOÐAZDAN GELÝÞ,,4,,,
821,6,BÐZ-18,BOÐAZA GÝDÝÞ,,4,,,
803,6,BÐZ-13,BOÐAZDAN GELÝÞ,,4,,,
2062,6,KDK-BÞK-ÝST-SRY,KADIKÖY-SARIYER,,4,,,
836,6,EMN-ADA-BOST,EMÝNÖNÜ - ADALAR - BOSTANCI,,4,,,
815,6,BÐZ-12,BOÐAZDAN GELÝÞ,,4,,,
2065,6,ARNK - ÝST,ARNAVUTKÖY - ÝSTÝNYE,,4,,,
805,6,BÐZ-19,BOÐAZA GÝDÝÞ,,4,,,
823,6,BÐZ-11,BOÐAZDAN GELÝÞ,,4,,,
809,6,KDK-BÞK,KADIKÖY-BEÞÝKTAÞ,,4,,,
7497,6,RKVK-EMN,RUMELÝ KAVAÐI - EMÝNÖNÜ,,4,http://www.sehirhatlari.com.tr/tr/seferler/,,
830,6,ÜSK-EMN,ÜSKÜDAR-EMÝNÖNÜ,,4,,,
2067,6,EMGN-ARNK,EMÝRGAN-ARNAVUTKÖY,,4,,,
2069,6,EMGN-BBK,EMÝRGAN - BEBEK,,4,,,
7505,6,EMN-KDK-ADA,EMÝNÖNÜ - YENÝKADIKÖY - ADALAR,,4,http://www.sehirhatlari.com.tr/tr/seferler/,,
832,6,BÐZ-20,BOÐAZA GÝDÝÞ,,4,,,
2064,6,ÇNGK-EMGN,ÇENGELKÖY - EMÝRGAN,,4,,,
7045,6,ÜSK - ORT,ÜSKÜDAR - ORTAKÖY,,4,http://www.sehirhatlari.istanbul/tr/seferler/uskudar-ortakoy-4483.html,,
833,6,ÜSK-EYP,ÜSKÜDAR-KARAKÖY-EMÝNÖNÜ-EYÜP (HALÝÇ HATTI),,4,,,
2066,6,EMGN-ÝST-ÇNGK,EMÝRGAN-ÝSTÝNYE-ÇENGELKÖY,,4,,,
7044,6,ÝST - ÇBK,ÝSTÝNYE - ÇUBUKLU (Arabalý Vapur),,4,http://www.sehirhatlari.istanbul/tr/seferler/istinye-cubuklu-arabali-4496.html,,
811,6,BÐZ-22,BOÐAZA GÝDÝÞ,,4,,,
2070,6,UZUN-BÐZ,UZUN BOÐAZ TURU,,4,,,
816,6,KCS-BÞK,KÜÇÜKSU-BEÞÝKTAÞ,,4,,,
814,6,BÐZ-7,BOÐAZDAN GELÝÞ,,4,,,
820,6,BÐZ-1,BOÐAZDAN GELÝÞ,,4,,,
2061,6,KÇS-ÝST,KÜÇÜKSU - ÝSTÝNYE,,4,,,
802,6,KRK-KDK,KARAKÖY-KADIKÖY,,4,,,
826,6,KDK-EMN,KADIKÖY-EMÝNÖNÜ,,4,,,
2054,6,EMN-ADA,EMÝNÖNÜ - ADALAR,,4,,,
2068,6,EMGN-ÇNGK,EMÝRGAN-ÇENGELKÖY,,4,,,
7502,6,BÐZ-25,BOÐAZA GÝDÝÞ,,4,http://www.sehirhatlari.com.tr/tr/seferler/,,
7491,6,KDK-KRK-EMN,KADIKÖY-KARAKÖY-EMÝNÖNÜ,,4,http://www.sehirhatlari.istanbul/tr/seferler/,,
7504,6,SRY-EMN,SARIYER - EMÝNÖNÜ,,4,http://www.sehirhatlari.com.tr/tr/seferler/,,
813,6,BÐZ-15,BOÐAZA GÝDÝÞ,,4,,,
7492,6,KRK-EMN-KDK,KARAKÖY-EMÝNÖNÜ-KADIKÖY,,4,http://www.sehirhatlari.com.tr/tr/seferler/,,
810,6,BÐZ-9,BOÐAZDAN GELÝÞ,,4,,,
825,6,BÐZ-10,BOÐAZDAN GELÝÞ,,4,,,
822,6,BÐZ-5,BOÐAZDAN GELÝÞ,,4,,,
828,6,BÐZ-4,BOÐAZDAN GELÝÞ,,4,,,
2060,6,SRY-AKV,SARIYER-ANADOLU KAVAÐI,,4,,,
28188,4,Marmaray2,HALKALI - BAHÇEÞEHÝR,,1,https://marmaray.gov.tr/,,
26727,4,Marmaray1,SÖÐÜTLÜÇEÞME - ZEYTÝNBURNU,,1,http://www.marmaray.gov.tr,,
26615,4,Marmaray,GEBZE-HALKALI,,1,http://www.marmaray.gov.tr,,
28189,11,M7,YILDIZ - MAHMUTBEY,,1,https://www.metro.istanbul/Hatlarimiz/HatDetay?hat=M7,,
28190,11,M9,BAHARÝYE - OLÝMPÝYAT,,1,https://www.metro.istanbul/Hatlarimiz/HatDetay?hat=M9,,
28193,11,M8,BOSTANCI - DUDULLU,,1,https://www.metro.istanbul/Hatlarimiz/HatDetay?hat=M8,,
1293,11,M1B,YENÝKAPI - KÝRAZLI,,1,http://www.istanbul-ulasim.com.tr/rayl%C4%B1-sistemler/m1-aksaray-havaliman%C4%B1-kirazl%C4%B1.aspx,,
1297,11,M3,KÝRAZLI - OLÝMPÝYAT - BAÞAKÞEHÝR,,1,http://www.istanbul-ulasim.com.tr/rayl%C4%B1-sistemler/m3-ba%C5%9Fak%C5%9Fehir-olimpiyatk%C3%B6y.aspx,,
7237,11,F3,SEYRANTEPE - VADÝSTANBUL,,7,https://www.metro.istanbul/raylý-sistemler/,,
1298,11,M2,YENÝKAPI - HACIOSMAN,,1,https://www.metro.istanbul/seferTarife.aspx?r=04c7f4fc-ba94-4eb2-8764-9e43dc1c604b&bs=584872cb-5812-4d5f-bd26-3118c7e22c19&ls=935ddc62-0a30-4578-a18d-fdc7a8e3d078&d=1,,
1290,11,TF1,MAÇKA - TAÞKIÞLA,,6,http://www.istanbul-ulasim.com.tr/rayl%C4%B1-sistemler/ma%C3%A7ka-%E2%80%93-ta%C5%9Fk%C4%B1%C5%9Fla-teleferik.aspx,,
1291,11,TF2,EYÜP - PÝYERLOTÝ TELEFERÝÐÝ,,6,http://www.istanbul-ulasim.com.tr/rayl%C4%B1-sistemler/ey%C3%BCp-piyerloti-teleferik-hatt%C4%B1.aspx,,
1296,11,M1A,YENÝKAPI - ATATÜRK HAVALÝMANI,,1,http://www.istanbul-ulasim.com.tr/rayl%C4%B1-sistemler/m1-aksaray-havaliman%C4%B1-kirazl%C4%B1.aspx,,
2048,11,T3,KADIKÖY - MODA,,0,,,
1289,11,T4,TOPKAPI - MESCÝD-Ý SELAM,,0,https://www.metro.istanbul/rayl%C4%B1-sistemler/t4-topkap%C4%B1-%E2%80%93-mescid-i-selam.aspx,,
4065,11,T1,BAÐCILAR - KABATAÞ,,0,https://www.metro.istanbul/seferTarife.aspx?r=888aecf1-4062-4a4e-99e9-6a9550327f7e&bs=ec28f4d1-7548-4279-a127-985a58ec2b8e&ls=31b73dba-0d61-4d2b-b974-b30daf8a93c8&d=1,,
1294,11,M4,KADIKÖY - TAVÞANTEPE,,1,http://www.metro.istanbul/rayl%C4%B1-sistemler/m4-kad%C4%B1k%C3%B6y-tav%C5%9Fantepe.aspx,,
3811,11,M6,LEVENT - BOÐAZÝÇÝ Ü./HÝSARÜSTÜ,,1,http://www.istanbul-ulasim.com.tr/,,
2044,11,M2A,SANAYÝ MAHALLESÝ - SEYRANTEPE,,1,,,
2045,11,M3A,ÝKÝTELLÝ SANAYÝ - OLÝMPÝYAT,,1,,,
7098,11,M5,ÜSKÜDAR - ÇEKMEKÖY,,1,https://www.metro.istanbul/raylý-sistemler/,,
2050,11,F2,KARAKÖY - BEYOÐLU,,7,,,
2047,11,F1,TAKSÝM-KABATAÞ,,7,,,
27196,37,PASABAHCE-SOGUKSU-KAVACIK,HEKÝMBAÞI-ANADOLU HÝSARI-KAVACIK-ÇAVUÞBAÞI,,9,,,
28185,37,DARÜÞÞAFAKA-ÝSTÝNYE-ÝSTÝNYE BAYIRI-4.LEVENT METRO,SARIYER BÖLGE ÇALIÞMA GRUBU,,9,,,
28182,37,Balta Limaný-4. Levent,SARIYER BÖLGE ÇALIÞMA GRUBU,,9,,,
27281,37,ÜMRANÝYE DEVLET HASTANESÝ – ÜMRANÝYE – ARMAÐANEVLER MAH.-SÝTE MAH.,ÇAKMAK - ARMAÐANEVLER MAH. - ÜMRANÝYE DEVLET HAST - KAZIM KARABEKÝR MAHALLESÝ,,9,,,
7514,37,KÝLYOS-SARIYER-H.OSMAN METRO-KAYMAKAMLIK(Ring),KAYMAKAMLIK(Ring),,9,,,
7216,37,SÝLAHTARAÐA CAD.-GOP-OTOGAR,CEVATPAÞA - B.PAÞA - OTOGAR - EYÜP - EDÝRNEKAPI,,9,,,
7217,37,OTOGAR-BAYRAMPAÞA-KÜÇÜKKÖY-YUNUS EMRE MAH,CEVATPAÞA - B.PAÞA - OTOGAR - EYÜP - EDÝRNEKAPI,,9,,,
7371,37,FABRÝKALAR-CEVATPAÞA-KOCATEPE-EDÝRNEKAPI,CEVATPAÞA - B.PAÞA - OTOGAR - EYÜP - EDÝRNEKAPI,,9,,,
7214,37,GAZÝOSMANPAÞA TAKSÝM EÐÝTÝM VE ARAÞTIRMA HASTANESÝ-BAÐCILAR HASTANE,BAÐCILAR - HABÝBLER,,9,,,
7272,37,CEVATPAÞA -EYÜP,CEVATPAÞA - B.PAÞA - OTOGAR - EYÜP - EDÝRNEKAPI,,9,,,
7271,37,CEVATPAÞA-BAYRAMPAÞA-EDÝRNEKAPI,CEVATPAÞA - B.PAÞA - OTOGAR - EYÜP - EDÝRNEKAPI,,9,,,
7365,37,BAKIRKÖY-ÞÝRÝNEVLER-POLÝS LOJMANLARI,BAKIRKÖY - ÝKÝTELLÝ - MAHMUTBEY,,9,,,
28184,37,Pýnar Mah-Ýstinye bayýrý-Zincirlikuyu Metrobüs,SARIYER BÖLGE ÇALIÞMA GRUBU,,9,,,
28183,37,Yeþiltepe-Ayazaða Köyü-4. Levent-Zincirlikuyu,SARIYER BÖLGE ÇALIÞMA GRUBU,,9,,,
28181,37,R.kavagý -Sarýyer-H.Osman Metro-Kaymakamlýk(Ring),SARIYER BÖLGE ÇALIÞMA GRUBU,,9,,,
7508,37,Sarýyer-Kocataþ-Sarýdaðüstü-Çayýrbaþý-H.Osman Metro -Kaymakamlýk,SARIYER BÖLGE ÇALIÞMA GRUBU,,9,,,
27203,37,ÜMRANÝYE EÐT. VE ARAÞ.HAST. - CEMÝL MERÝÇ MAH. - MERKEZ MAH.,ÜMRANÝYE EÐT. VE ARAÞ.HAST. - CEMÝL MERÝÇ MAH. – A. YAVUZ MAH. - DUDULLU - MERKEZ MAH.,,9,,,
27366,37,ÞÝLE MERKEZ–AÐVA,ÞÝLE MERKEZ–AÐVA,,9,,,
27204,37,ÜMRANÝYE EÐT. VE ARAÞ.HAST. - ADEM YAVUZ MAH. - MERKEZ MAH.,ÜMRANÝYE EÐT. VE ARAÞ.HAST. - CEMÝL MERÝÇ MAH. – A. YAVUZ MAH. - DUDULLU - MERKEZ MAH.,,9,,,
27365,37,ÞÝLE MERKEZ-ÜMRANÝYE METRO GARDEN AVM,ÞÝLE MERKEZ-ÜMRANÝYE METRO GARDEN AVM,,9,,,
27363,37,ÞÝLE - YAZIMANAYIR - HACILLI - AÐVA,ÞÝLE - YAZIMANAYIR - HACILLI - AÐVA,,9,,,
27359,37,ÞÝLE-YEÞÝLVADÝ-ÜVEZLÝ-ULUPELÝT,ÞÝLE - YEÞÝLVADÝ - ÜVEZLÝ - ULUPELÝT,,9,,,
27358,37,ÞÝLE-DEÐÝRMENÇAYIRI,ÞÝLE - DEÐÝRMENÇAYIRI,,9,,,
7485,37,AÐVA - GÖÇE-GEREDELÝ-KALEMKÖY,AÐVA-GÖÇE-GEREDELÝ-KALEMKÖY,,9,,,
7279,37,AÐVA-BUCAKLI-ÇELEBÝKÖY,AÐVA - BUCAKLI-ÇELEBÝKÖY,,9,,,
7477,37,ÞÝLE-KARAMANDERE-ÝMRENDERE-OVACIK,ÞÝLE - KARAMANDERE-ÝMRENDERE-OVACIK,,9,,,
7275,37,ÞÝLE-KIZILCAKÖY,ÞÝLE - KIZILCAKÖY,,9,,,
27353,37,SULTANBEYLÝ-MECÝDÝYE-DUDULLU,SULTANBEYLÝ - SARIGAZÝ - DUDULLU,,9,,,
7364,37,SULTANBEYLÝ-YENÝDOÐAN,SULTANBEYLÝ - AYDOS - YENÝDOGAN -  KURTKÖY,,9,,,
7362,37,SULTANBEYLÝ DEVLET HASTANESÝ-SULTANBEYLÝ-KURTKÖY,SULTANBEYLÝ - AYDOS - YENÝDOGAN -  KURTKÖY,,9,,,
7359,37,SULTANBEYLÝ-SULTANBEYLÝ DEVLET HASTANESÝ-YENÝDOÐAN,SULTANBEYLÝ - AYDOS - YENÝDOGAN -  KURTKÖY,,9,,,
7366,37,SULTANBEYLÝ – ÇAMLIK MAHALLESÝ,SULTANBEYLÝ - AYDOS - YENÝDOGAN -  KURTKÖY,,9,,,
7360,37,SULTANBEYLÝ-AYDOS,SULTANBEYLÝ - AYDOS - YENÝDOGAN -  KURTKÖY,,9,,,
7489,37,KARTAL-YAKACIK -SAMANDIRA-S.BEYLÝ-YENÝÞEHÝR VÝAPORT,KARTAL-YAKACIK -SAMANDIRA-S.BEYLÝ-YENÝÞEHÝR VÝAPORT,,9,,,
27347,37,PENDÝK-KÝPTAÞ KONUTLARI,PENDÝK - KURTKÖY - HARMANDERE - ORHANLI,,9,,,
7332,37,PENDÝK-PENDÝK EÐÝTÝM VE ARAÞTIRMA HASTANESÝ-403 K*,PENDÝK - KURTKÖY - HARMANDERE - ORHANLI,,9,,,
27208,37,DUDULLU-SARIGAZÝ MAHALLESÝ-YENÝDOÐAN MAHALLESÝ-HÝLAL MAHALLESÝ,DUDULLU - ESENÞEHÝR - SARIGAZÝ - TAÞDELEN - YENÝDOÐAN - ABDURRAHMANGAZÝ - HÝLAL MAH.,,9,,,
27276,37,ÜMRANÝYE – ÇAKMAK MH. – TATLISU MAH.ATATÜRK MAH.KAYIÞDAÐI MAH.,ÜMRANÝYE - ÇAKMAK -  ATAÞEHÝR - KAYIÞDAÐI,,9,,,
27207,37,DUDULLU -SARIGAZÝ-YENÝDOÐAN -ABDURRAHMANGAZÝ,DUDULLU - ESENÞEHÝR - SARIGAZÝ - TAÞDELEN - YENÝDOÐAN - ABDURRAHMANGAZÝ - HÝLAL MAH.,,9,,,
27206,37,DUDULLU - HUZUR MAH. - ÞAHÝNTEPE - MERKEZ MAHALLESÝ,ÜMRANÝYE EÐT. VE ARAÞ.HAST. - CEMÝL MERÝÇ MAH. – A. YAVUZ MAH. - DUDULLU - MERKEZ MAH.,,9,,,
27205,37,DUDULLU - HUZUR MAH. - MERKEZ MAHALLESÝ,ÜMRANÝYE EÐT. VE ARAÞ.HAST. - CEMÝL MERÝÇ MAH. – A. YAVUZ MAH. - DUDULLU - MERKEZ MAH.,,9,,,
7404,37,BÜYÜKÇEKMECE-ZAFER MAHALLESÝ,BÜYÜKÇEKMECE - ESENYURT,,9,,,
7406,37,2.GÜZERGAH,BÜYÜKÇEKMECE - ESENYURT,,9,,,
7467,37,BÜYÜKÇEKMECE-DOÐAN ARASLI-MÝMSAN,BÜYÜKÇEKMECE - ESENYURT,,9,,,
7419,37,ÜSKÜDAR-ÜMRANÝYE-ALEMDAÐ,ÜSKÜDAR - ÜMRANÝYE - ALEMDAÐ - REÞADÝYE,,9,,,
7388,37,Üsküdar-Ümraniye-Tavukçuyolu-Alemdað,ÜSKÜDAR - ÜMRANÝYE - ALEMDAÐ - REÞADÝYE,,9,,,
7418,37,KADIKÖY-YENÝSAHRA-BATI ATAÞEHÝR-TEPEÜSTÜ METRO,KADIKÖY-YENÝSAHRA - BATI ATAÞEHÝR - TEPEÜSTÜ METRO - ÞERÝFALÝ MAH.,,9,,,
7384,37,KADIKÖY-YENÝSAHRA-ÇAMLIK-YUKARI DUDULLU,KADIKÖY-YENÝSAHRA - BATI ATAÞEHÝR - TEPEÜSTÜ METRO - ÞERÝFALÝ MAH.,,9,,,
7383,37,KADIKÖY-YENÝSAHRA-TEPEÜSTÜ METRO,KADIKÖY-YENÝSAHRA - BATI ATAÞEHÝR - TEPEÜSTÜ METRO - ÞERÝFALÝ MAH.,,9,,,
7284,37,ÜMRANÝYE – ÇAKMAK MH. – ÇAMLIK MH.– ATATÜRK MH. – KAYIÞDAÐI MH.,ÜMRANÝYE - ÇAKMAK -  ATAÞEHÝR - KAYIÞDAÐI,,9,,,
7281,37,ÜMRANÝYE (SANTRAL)-ELMALIKENT-DUMLUPINAR-GÖKSU,ÜMRANÝYE (SANTRAL) – ELMALIKENT – DUMLUPINAR - GÖKSU,,9,,,
7250,37,ÜSKÜDAR - KÝRAZLITEPE MAH - FERAH MAH - TANTAVÝ MAH - ELMALIKENT MAH,ÜSKÜDAR - KÝRAZLITEPE MAH - FERAH MAH - TANTAVÝ MAH - ELMALIKENT MAH,,9,,,
7115,37,ESENTEPE MH. - KÜÇÜKKÖY - GAZÝOSMANPAÞA-EYÜP,ESENTEPE MH. - KÜÇÜKKÖY - GAZÝOSMANPAÞA-EYÜP,,9,,,
7397,37,ÜSKÜDAR-BAÐLARBAÞI-KISIKLI-ÖRNEK MAH.-ESATPAÞA,ÜSKÜDAR - ÖRNEK MH. - ESATPAÞA MH.,,9,,,
7263,37,CEBECÝ-KÜÇÜKKÖY-EYÜP,CEBECÝ - GAZÝ MH - KÜÇÜKKÖY - GAZÝOSMANPAÞA - EYÜP,,9,,,
7139,37,AVCILAR-TOKAT MH,AVCILAR - ESENYURT,,9,,,
7478,37,BÜYÜKÇEKMECE- TEPECÝK - TÜRKOBA RÝNG GÜZERGAHI,BÜYÜKÇEKMECE- TÜRKOBA- TEPEKENT,,9,,,
7215,37,NUR SÝTESÝ-TOPKAPI 1,CEVATPAÞA - B.PAÞA - OTOGAR - EYÜP - EDÝRNEKAPI,,9,,,
7511,37,BAHÇEKÖY-TARABYA BAYIRI,ZÝNCÝRLÝKUYU,,9,,,
7261,37,HEKÝMBAÞI-ANADOLU HÝSARI-KAVACIK-ÇAVUÞBAÞI,ANADOLU HÝSARI - KAVACIK - ÇAVUÞBAÞI,,9,,,
7248,37,KADIKÖY-CAPÝTOL-KÝRAZLITEPE MAHALLESÝ,KADIKÖY - POLÝS HASTANESÝ-EMNÝYET MAHALLESÝ,,9,,,
7347,37,MALTEPE-ZÜMRÜTEVLER-NARCÝTY-KÝPTAÞ,MALTEPE - ZÜMRÜTEVLER,,9,,,
7336,37,PENDÝK-ESENLER MAHALLESÝ,PENDÝK - KAYNARCA - ESENYALI MH.,,9,,,
7289,37,KARTAL-SOÐANLIK-YAKACIK-UÐUR MUMCU-ORTADAÐ,KARTAL-SOÐANLIK-YAKACIK-AKPINARMAH.-SAMANDIRA-YENÝDOÐAN,,9,,,
7257,37,KARTAL-TOPSELVÝ-SAPANBAÐLARI,KARTAL - TOPSELVÝ,,9,,,
7378,37,KARTAL-KADIKÖY,KADIKÖY - KARTAL,,9,,,
7479,37,ATAKÖY-ÞÝRÝNEVLER METRO-ATAKÖY PLUS AVM RÝNG,BAKIRKÖY - ATAKÖY,,9,,,
7427,37,CEBECÝ MAH-TOPKAPI 2,GAZÝ MAHALLESÝ - CEBECÝ - KÜÇÜKKÖY - EDÝRNEKAPI,,9,,,
7238,37,ÜSKÜDAR-ÇENGELKÖY-TALÝMHANE-RASATHANE,ÜSKÜDAR - ÇENGELKÖY - TALÝMHANE - ÜMRANÝYE,,9,,,
7184,37,ÞÝÞLÝ-GÖKTÜRK,ÞÝÞLÝ - KAÐITHANE - GÜZELTEPE - ABDURAHMAN MH.,,9,,,
7202,37,SEFAKÖY - ÝSTOÇ,SEFAKÖY - MEHMET AKÝF - ÝSTOÇ,,9,,,
7507,37,Hacýosman-Beþiktaþ,Sarýyer,,9,,,
7164,37,YAHYA KEMAL-DERE CADDESÝ-NOBEL ÝLAÇ FABRÝKASI2,ÞÝÞLÝ - ÇAÐLAYAN - Y.KEMAL - GÜLTEPE - 4.LEVENT,,9,,,
7131,37,ÝNCÝRLÝ-ORMANTEPE,ÇAVUÞPAÞA - BAHÇELÝEVLER - ÝNCÝRLÝ,,9,,,
7181,37,TOPKAPI-GÜNGÖREN-BAÐCILAR-OTOCENTER-42 EVLER,100.YIL MH - BAÐCILAR - TOPKAPI,,9,,,
7412,37,BEYLÝKDÜZÜ KAYMAKAMLIÐI-BÜYÜKÇEKMECE,B.ÇEKMECE - GÜRPINAR - YAKUPLU - BEYLÝKDÜZÜ,,9,,,
7282,37,DUDULLU-ÞAHÝNTEPE,DUDULLU - ÞAHÝNTEPE,,9,,,
7260,37,MARMARA ÜN. PENDÝK EÐÝTÝM VE ARÞ. HASTANESÝ,PENDÝK - GÖZDAÐI,,9,,,
7376,37,SANTRAL(ÜMRANÝYE)-YAVUZTÜRK,ÜMRANÝYE(SANTRAL) - YAVUZTÜRK MH.,,9,,,
7518,37,BÜYÜKÇEKMECE-TEPEKENT B KAPISI RÝNG GÜZERGAH,BÜYÜKÇEKMECE- TÜRKOBA- TEPEKENT,,9,,,
7444,37,ÝNCÝRLÝ-BAÐLAR MAH,ÝNCÝRLÝ - EVREN MH. - BAÐCILAR,,9,,,
7268,37,ÇATALCA DEVLET HASTANESÝ-YAZLIK KÖYÜ,ÇATALCA DEVLET HASTANESÝ - YAZLIK KÖYÜ,,9,,,
7256,37,AYDINLI TOKÝ KONUTLAR-ÝÇMELER-DENÝZ HARP OKULU,TERSANELER - TUZLA - AYDINLI - ORHANLI,,9,,,
7301,37,PENDÝK-ORHANLI,PENDÝK - KURTKÖY - HARMANDERE - ORHANLI,,9,,,
7345,37,AÐVA - DEÐÝRMENÇAYIRI,AÐVA-DEÐÝRMENÇAYIRI,,9,,,
"7431,37,""PENDÝK ANADOLU ÝMAM HATÝP LÝSESÝ-YAKACIK,ADNAN KAHVECÝ METRO ÝSTASYONU"",KARTAL - TOPSELVÝ,,9,,,"
7373,37,ABDURRAHMANGAZÝ-YENÝDOÐAN-SARIGAZÝ-DUDULLU,DUDULLU - SARIGAZÝ - TAÞDELEN - YENÝDOÐAN-A.GAZÝ,,9,,,
7351,37,ÝNCÝRLÝ-KOCASÝNAN,ÝNCÝRLÝ - EVREN MH. - BAÐCILAR,,9,,,
7142,37,BAKIRKÖY - OSMANÝYE,BAKIRKÖY - OSMANÝYE,,9,,,
7258,37,PENDÝK-GÖZDAÐI,PENDÝK - GÖZDAÐI,,9,,,
7439,37,BAKIRKÖY-ADLÝYE-METRO,BAKIRKÖY - METRO - TOPKAPI,,9,,,
7331,37,PENDÝK-MARMARA ÜNV. PENDÝK EÐT. VE ARÞ HAS. 2,PENDÝK - KURTKÖY - HARMANDERE - ORHANLI,,9,,,
7443,37,TOPKAPI-BASIN SÝTESÝ-RADAR,TOPKAPI - YAYLA - ÇAVUÞPAÞA - OTOSANAYÝ,,9,,,
7156,37,ÞÝÞLÝ-ZÝNCÝRLÝDERE,ÞÝÞLÝ - ÇAÐLAYAN - Y.KEMAL - GÜLTEPE - 4.LEVENT,,9,,,
7481,37,ÞÝLE MERKEZ RÝNG,ÞÝLE MERKEZ RÝNG - PLAJ,,9,,,
7488,37,BEZMÝALEM VAKIF ÜNV. HASTANESÝ - GÜLSUYU - GÜLENSU,MALTEPE - GÜLSUYU - GÜLENSU,,9,,,
7305,37,ÝSTOÇ-BAÐCILAR DEVLET HASTANESÝ,TOPKAPI - ÇÝFTLÝK - FATÝH MAHALLESÝ - ÝSTOÇ,,9,,,
7391,37,MALTEPE-GÜLSUYU-GÜLENSU,MALTEPE - GÜLSUYU - GÜLENSU,,9,,,
7175,37,ÇAÐLAYAN-EDÝRNEKAPI-TOPKAPI,ÇAÐLAYAN - TOPKAPI,,9,,,
7234,37,PENDÝK-AYDOS-HÝLAL KONUTLARI,PENDÝK - AYDOS - HÝLAL KONUTLARI,,9,,,
7299,37,TOPKAPI-ATEÞTUÐLA-EVREN MH.,TOPKAPI - ÇÝFTLÝK - FATÝH MAHALLESÝ - ÝSTOÇ,,9,,,
7445,37,ÝNCÝRLÝ-BARBAROS MAH.,ÝNCÝRLÝ - EVREN MH. - BAÐCILAR,,9,,,
7151,37,SEFAKÖY-GÜVERCÝNTEPE-KAYAÞEHÝR,SEFAKÖY - KAYABAÞI - BOÐAZKÖY,,9,,,
7127,37,TOPKAPI-ALÝBEYKÖY-ATATÜRK CAD.-AKÞEMSETTÝN BULVARI,KARAYOLLARI-Ý.H.L - ALÝBEYKÖY - EYÜP - EDÝRNEKAPI -TOPKAPI,,9,,,
7387,37,ÜSKÜDAR-BAÐLARBAÞI-ÜMRANÝYE-DUDULLU-ALEMDAÐ,ÜSKÜDAR - ÜMRANÝYE - ALEMDAÐ,,9,,,
7435,37,DEREAÐZI MH-YAKUPLU HASIRCILAR ÝÞ MERKEZÝ,B.ÇEKMECE - GÜRPINAR - YAKUPLU - BEYLÝKDÜZÜ,,9,,,
7446,37,ÝNCÝRLÝ-YENÝMAHALLE,ÝNCÝRLÝ - EVREN MH. - BAÐCILAR,,9,,,
7194,37,KADIKÖY-D-100-ÜNALAN-SOYAK-BULGURLU,KADIKÖY - ACIBADEM - ÜNALAN MH. - BULGURLU MH.,,9,,,
7304,37,TOPKAPI-ÇÝFTLÝK-GÖZTEPE MH-ÝSTOÇ,TOPKAPI - ÇÝFTLÝK - FATÝH MAHALLESÝ - ÝSTOÇ,,9,,,
7269,37,EDÝRNEKAPI-HAL  (MEGA CENTER),CEVATPAÞA - B.PAÞA - OTOGAR - EYÜP - EDÝRNEKAPI,,9,,,
7134,37,TOPKAPI-ALÝBEYKÖY-ATATÜRK CAD.-AKÞEMSETTÝN BULVARI-VÝALAND,KARAYOLLARI-Ý.H.L - ALÝBEYKÖY - EYÜP - EDÝRNEKAPI -TOPKAPI,,9,,,
7166,37,OTOGAR-EDÝRNEKAPI,CEVATPAÞA - BAYRAMPAÞA - OTOGAR - EYÜP - EDÝRNEKAPI,,9,,,
7123,37,TOPKAPI-ALÝBEYKÖY-GÜZELTEPE MAH.,KARAYOLLARI-Ý.H.L - ALÝBEYKÖY - EYÜP - EDÝRNEKAPI -TOPKAPI,,9,,,
7186,37,GAZÝ MH.-TOPKAPI 1,CEVATPAÞA - BAYRAMPAÞA - OTOGAR - EYÜP - EDÝRNEKAPI,,9,,,
7125,37,ÝNCÝRLÝ-YENÝBOSNA AKTARMA MERKEZÝ,ÇAVUÞPAÞA-BAHÇELÝEVLER-ÝNCÝRLÝ,,9,,,
7290,37,GÜZELTEPE - FÝNANSKENT - A.KÖY CEP OTOGARI - GOP,KARAYOLLARI-Ý.H.L - ALÝBEYKÖY - EYÜP - EDÝRNEKAPI -TOPKAPI,,9,,,
7442,37,TOPKAPI-YAYLA-ÇAVUÞPAÞA,TOPKAPI - YAYLA - ÇAVUÞPAÞA - OTOSANAYÝ,,9,,,
7176,37,ÞÝÞLÝ-KAÐITHANE-GÜZELTEPE,ÞÝÞLÝ - KAÐITHANE - GÜZELTEPE - ABDURAHMAN MH.,,9,,,
7276,37,ÜMRANÝYE-HEKÝMBAÞI,ÜMRANÝYE - HEKÝMBAÞI MH.,,9,,,
7307,37,KÜÇÜKÇEKMECE-TAHTAKALE,KÜÇÜKÇEKMECE - KAYABAÞI - TAHTAKALE,,9,,,
7322,37,TOPKAPI-ESENLER-TABYA,100.YIL - ATIÞALANI - ESENLER - TOPKAPI,,9,,,
7187,37,DEPREM KONUTLARI-ÝKÝTELLÝ-ÝSTOÇ-OTOGAR,TOPKAPI - OTOGAR - M. AKÝF MAH - DEPREM KONUTLARI,,9,,,
7138,37,AVCILAR-KARAAÐAÇ,AVCILAR - ESENYURT,,9,,,
7286,37,KARTAL-YAKACIK-U.MUMCU-ORTADAÐ-SAMANDIRA-PAÞAKÖY,KARTAL -YAKACIK -SAMANDIRA -PAÞAKÖY -FERHATPAÞA,,9,,,
7370,37,SEFAKÖY-KANARYA-BELEDÝYE,KÜÇÜKÇEKMECE - SEFAKÖY - SULTAN MURAT,,9,,,
7343,37,KARTAL-GÜLSUYU KÖPRÜLÜ KAVÞAÐI-ESENKENT,KARTAL - ESENKENT,,9,,,
7235,37,KULELÝ - KAYAÞEHÝR,KULELÝ - GÜVERCÝNTEPE - ÞAHÝNTEPE - TAHTAKALE,,9,,,
7251,37,TERSANELER-ÝÇMELER-AYDINLI-ORHANLI(ORTA MAH),TERSANELER - TUZLA - AYDINLI - ORHANLI,,9,,,
7148,37,TAHTAKALE-YÜZYIL,KULELÝ - DEPREM KONUTLARI - ONURKENT - KAYAÞEHÝR,,9,,,
7152,37,TOPKAPI-OYAK SÝTESÝ-SEYRANTEPE,TOPKAPI - OYAK SÝTESÝ - SEYRANTEPE,,9,,,
7236,37,PENDÝK-MARMARA ÜNV. PENDÝK EÐT. VE ARÞ HAS. 1,PENDÝK - AYDOS - HÝLAL KONUTLARI,,9,,,
7344,37,MALTEPE-ZÜMRÜTEVLER-NARLIDERE,MALTEPE - ZÜMRÜTEVLER,,9,,,
7183,37,ÝKÝTELLÝ ORG.S-MEHMET AKÝF MH.-GÖZTEPE MH.-OTOGAR,TOPKAPI - OTOGAR - M. AKÝF MAH - DEPREM KONUTLARI,,9,,,
7108,37,BAKIRKÖY – BAÐCILAR – KEMALPAÞA GÜZERGAHI-2,BAKIRKÖY - BAÐCILAR - KEMALPAÞA MH. - ÞÝRÝNEVLER,,9,,,
7465,37,BÜYÜKÇEKMECE-MURATÇEÞME,BÜYÜKÇEKMECE - MÝMARSÝNAN,,9,,,
7113,37,BAKIRKÖY – SOÐANLI-BAKIRKÖY,BAKIRKÖY - BAÐCILAR - KEMALPAÞA MH. - ÞÝRÝNEVLER,,9,,,
7120,37,KÜÇÜKÇEKMECE-AVCILAR-SÝTELER (REÞÝT PAÞA CAD.),KÜÇÜKÇEKMECE - AVCILAR - BEYLÝKDÜZÜ,,9,,,
7122,37,K.ÇEKMECE-AVCILAR-Ý. MARMARA EVLERÝ KAVAKLI KENT,KÜÇÜKÇEKMECE - AVCILAR - BEYLÝKDÜZÜ,,9,,,
7144,37,Þ.EVLER-KULELÝ-CEMAL ULUSOY-HALKALI-B.ÞEHÝR4.ETAP,Þ.EVLER - KULELÝ - HALKALI - BAÞAKÞEHÝR,,9,,,
7346,37,B.EVLER METRO-BASIN SÝTESÝ-ÇAVUÞPAÞA-OTO SANAYÝ,TOPKAPI - YAYLA - ÇAVUÞPAÞA - OTOSANAYÝ,,9,,,
7121,37,KÜÇÜKÇEKMECE-AVCILAR - BEYLÝKDÜZÜ TOPLU KONUTLARI,KÜÇÜKÇEKMECE - AVCILAR - BEYLÝKDÜZÜ,,9,,,
7407,37,BÜYÜKÇEKMECE - KIRAÇ,BÜYÜKÇEKMECE - KIRAÇ,,9,,,
7396,37,KADIKÖY-D/100-ÖRNEK MAH.-ESATPAÞA-EYÜBOÐLU,KADIKÖY - ÖRNEK MH - M.KEMAL MH. - EYÜBOÐLU,,9,,,
7295,37,PENDÝK-AYDINLI KÖYÜ-DERÝ SANAYÝ,PENDÝK - AYDINLI KÖYÜ - DERÝ SANAYÝÝ,,9,,,
7126,37,ÞÝRÝNEVLER-ORMANTEPE SK. 1.GÜZERGAH (PARSELLER),ÇAVUÞPAÞA-BAHÇELÝEVLER-ÝNCÝRLÝ,,9,,,
7483,37,ÞÝLE MERKEZ - PLAJ,ÞÝLE MERKEZ RÝNG-PLAJ,,9,,,
7459,37,1.GÜZERGAH,BÜYÜKÇEKMECE - KUMBURGAZ,,9,,,
7313,37,AVCILAR-ÖRNEK MAH,KÜÇÜKÇEKMECE - AVCILAR -  BALIK YOLU - ÖRNEK MH.,,9,,,
7220,37,DUDULLU-ESENÞEHÝR-SARIGAZÝ,DUDULLU - ESENÞEHÝR,,9,,,
7169,37,ÞÝÞLÝ-CUMHURÝYET CAD.- GÖKTÜRK,GÖKTÜRK - KEMERBURGAZ - ALÝBEYKÖY - EYÜP,,9,,,
7230,37,AHMET YESEVÝ MAH.-ESENYALI,AHMET YESEVÝ MH.(KURTKÝREMÝT) - ESENYALI,,9,,,
7246,37,ÜMRANÝYE-ESATPAÞA-ÖRNEK MAH.-GÖZTEPE E.A.H.,ÜMRANÝYE - M.KEMAL MH. - ÖRNEK MH.,,9,,,
7348,37,ÞÝLE-ÇAYIRBAÞI KÖYÜ,ÞÝLE MERKEZ - ÇAYIRBAÞI KÖYÜ,,9,,,
7316,37,HAMÝDÝYE MAH-ANADOLU CAD-KAÐITHANE-ÞÝÞLÝ,ÞÝÞLÝ - KAÐITHANE - GÜZELTEPE - ABDURAHMAN MH.,,9,,,
7198,37,ÞÝRÝNEVLER-TAVUKÇU DERESÝ- GÝYÝMKENT,ÞÝRÝNEVLER - TAVUKÇU DERESÝ - GÝYÝMKENT,,9,,,
7358,37,ÞÝLE DERE KÖYLERÝ-ÜSKÜDAR,ÞÝLE DERE KÖYLERÝ-ÜSKÜDAR,,9,,,
7211,37,MERTER-EÞREF BÝTLÝS CAD.-GÝYÝMKENT,MERTER - ÇÝNÇÝN DERESÝ - KARABAYIR - GÝYÝMKENT,,9,,,
7174,37,KADIKÖY-D100-ÜNALAN-LÝBADÝYE-BULGURLU,KADIKÖY - ACIBADEM - ÜNALAN MH. - BULGURLU MH.,,9,,,
7239,37,ABDURRAHMANGAZÝ-YENÝDOÐAN-TAÞDELEN-DUDULLU,DUDULLU - SARIGAZÝ - TAÞDELEN - YENÝDOÐAN-A.GAZÝ,,9,,,
7449,37,KÜÇÜKÇEKMECE-TOKAT MAH.-BALIKYOLU,KÜÇÜKÇEKMECE - AVCILAR -  BALIK YOLU - ÖRNEK MH.,,9,,,
7204,37,KULELÝ-K.SULTAN SÜLEYMAN HST-KAYABAÞI,KULELÝ - GÜVERCÝNTEPE - ÞAHÝNTEPE - TAHTAKALE,,9,,,
7309,37,BAKIRKÖY-ÞÝRÝNEVLER-ÝSTOÇ-ÝKÝTELLÝ,BAKIRKÖY - ÝKÝTELLÝ - MAHMUTBEY,,9,,,
7394,37,MALTEPE-BÜYÜKBAKKALKÖY,MALTEPE - BAÞIBÜYÜK,,9,,,
7308,37,AVCILAR - BAÐLARÇEÞME,AVCILAR - ESENYURT,,9,,,
7105,37,100.YIL MAH-BAÐCILAR-HASTANE-TOPKAPI,100.YIL MH - BAÐCILAR - TOPKAPI,,9,,,
7303,37,TOPKAPI-AYAZMA-BAÐCILAR 1,100.YIL - ATIÞALANI - ESENLER - TOPKAPI,,9,,,
7209,37,ÇAKMAK-ÜMRANÝYE-KAZIM KARABEKÝR,ÇAKMAK - ÜMRANÝYE - KAZIM KARABEKÝR MH.,,9,,,
7219,37,BEYKOZ-AKBABA-DERSEKÝ-ALÝBAHADIR-RÝVA,BEYKOZ - RÝVA,,9,,,
7415,37,ABDURRAHMANGAZÝ-YENÝDOÐAN-MADENLER-DUDULLU,DUDULLU - SARIGAZÝ - TAÞDELEN - YENÝDOÐAN-A.GAZÝ,,9,,,
7302,37,TOPKAPI-FATÝH MAH.-ÝSTOÇ,TOPKAPI - ÇÝFTLÝK - FATÝH MAHALLESÝ - ÝSTOÇ,,9,,,
7229,37,PENDÝK-ÞÝFA MH,PENDÝK - ÞÝFA MH.,,9,,,
7306,37,BAKIRKÖY-ÞÝRÝNEVLER-EVREN MAH,BAKIRKÖY - ÝKÝTELLÝ - MAHMUTBEY,,9,,,
7300,37,TOPKAPI-ESENLER-ATIÞALANI-YÜZYIL,100.YIL - ATIÞALANI - ESENLER - TOPKAPI,,9,,,
7266,37,BAKIRKÖY-HASTANE-ESENLER-ATIÞALANI-2,BAKIRKÖY - ESENLER - ATIÞALANI - OTOGAR,,9,,,
7403,37,BOSTANCI-TAVUKÇU YOLU-DUDULLU,BOSTANCI - DUDULLU,,9,,,
7436,37,DEREAÐZI MH-MÝGROS AVM,B.ÇEKMECE - GÜRPINAR - YAKUPLU - BEYLÝKDÜZÜ,,9,,,
7223,37,ÞÝÞHANE-YEÞÝLPINAR-VÝALAND,ÞÝÞLÝ - ÞÝÞHANE - KARAYOLLARI - ÝMAR BLOKLARI,,9,,,
7327,37,PENDÝK-HÝLAL KONUTLARI,PENDÝK - KURTKÖY - HARMANDERE - ORHANLI,,9,,,
7377,37,PENDÝK-KADIKÖY,KADIKÖY - PENDÝK,,9,,,
7341,37,PENDÝK-KAVAKPINAR MAH.,PENDÝK - KAYNARCA - ESENYALI MH.,,9,,,
7510,37,Bahçeköy,Sarýyer,,9,,,
7274,37,ÇATALCA DEVLET HASTANESÝ-KALFA KÖYÜ,ÇATALCA DEVLET HASTANESÝ - KALFA KÖYÜ,,9,,,
7259,37,KARTAL-ESENTEPE-DEVLET HASTANESÝ-SOÐANLIK-YENÝ MH,KARTAL - ESENTEPE - DEVLET HASTANESÝ,,9,,,
7150,37,ELMALI-BEYKOZ-DEDEOÐLU,ELMALI - BEYKOZ - DEDEOÐLU,,9,,,
7193,37,ÞÝÞLÝ-ALÝBEYKÖY-ÝMAR BLOKLARI,ÞÝÞLÝ - ÞÝÞHANE - KARAYOLLARI - ÝMAR BLOKLARI,,9,,,
7199,37,GÜNEÞLÝ-MAHMUTBEY-SULTANÇÝFTLÝÐÝ,MAHMUTBEY - SULTANÇÝFTLÝÐÝ,,9,,,
7213,37,BAÐCILAR - HABÝBLER,BAÐCILAR - HABÝBLER,,9,,,
7185,37,TOPKAPI-AYAZMA-BAÐCILAR 2,100.YIL MH - BAÐCILAR - TOPKAPI,,9,,,
7252,37,KADIKÖY-POLÝS HAST.,KADIKÖY - POLÝS HASTANESÝ-EMNÝYET MAHALLESÝ,,9,,,
7461,37,2. GÜZERGAH,BÜYÜKÇEKMECE - KUMBURGAZ,,9,,,
7146,37,ÞÝRÝNEVLER-KULELÝ-ZEYNEBÝYYE-DEPREM KON.-KAYAÞEHÝR,KULELÝ - DEPREM KONUTLARI - ONURKENT - KAYAÞEHÝR,,9,,,
7136,37,AVCILAR-BOÐAZKÖY,AVCILAR - ESENYURT,,9,,,
7114,37,BAKIRKÖY - YEÞÝLYURT - YEÞÝLKÖY,BAKIRKÖY - YEÞÝLYURT - YEÞÝLKÖY,,9,,,
7189,37,YILDIZTABYA-GOP-TOPKAPI,YILDIZTABYA- PAZARÝÇÝ- GOP- TOPKAPI,,9,,,
7486,37,EYÜP - GAZÝOSMANPAÞA - BAYRAMPAÞA,EYÜP - ÜÇÞEHÝTLER-GAZÝOSMANPAÞA - BAYRAMPAÞA,,9,,,
7240,37,ÜSKÜDAR-KOZYATAÐI-ATAÞEHÝR,ÜSKÜDAR - ATAÞEHÝR-FERHATPAÞA,,9,,,
7349,37,TOPKAPI-BAÐCILAR-OTOCENTER,TOPKAPI - ÇÝFTLÝK - FATÝH MAHALLESÝ - ÝSTOÇ,,9,,,
7340,37,EYÜP-ÝSTOÇ,YILDIZTABYA - PAZARÝÇÝ - GOP - TOPKAPI,,9,,,
7277,37,ÜMRANÝYE-ÝNKILAP MAH.-ERCAN,ÜMRANÝYE - ÝNKILAP MH. - ERCAN,,9,,,
7195,37,ÞÝÞLÝ-YEÞÝLPINAR-VÝALAND,ÞÝÞLÝ - ÞÝÞHANE - KARAYOLLARI - ÝMAR BLOKLARI,,9,,,
7167,37,ÞÝÞHANE-PÝYALEPAÞA BULVARI-ÞÝÞLÝ,ÞÝÞHANE - ÞÝÞLÝ,,9,,,
7210,37,MERTER - ÇÝNÇÝN DERESÝ - KARABAYIR - GÝYÝMKENT,MERTER - ÇÝNÇÝN DERESÝ - KARABAYIR - GÝYÝMKENT,,9,,,
7132,37,TOPKAPI-ALÝBEYKÖY-ÝMAR BLOKLARI,KARAYOLLARI-Ý.H.L - ALÝBEYKÖY - EYÜP - EDÝRNEKAPI -TOPKAPI,,9,,,
7484,37,KARTAL-KARLIKTEPE MH.LÜTFÝ KIRDAR-EÐT.VE ARAÞT.HAS.,KARTAL-KARLIKTEPE MH.LÜTFÝ KIRDAR-EÐT.VE ARAÞT.HAS.,,9,,,
7379,37,KADIKÖY-YAKACIK-UÐUR MUMCU,KADIKÖY - YAKACIK - UÐUR MUMCU MH.,,9,,,
7315,37,KULELÝ-SANAYÝ-TGRT-1,KULELÝ - TGRT - ÝSTOÇ - GÝYÝMKENT,,9,,,
7287,37,KARTAL-YAKACIK-U.MUMCU-BÜYÜK BAKKKALKÖY-FERHATPAÞA,KARTAL -YAKACIK -SAMANDIRA -PAÞAKÖY -FERHATPAÞA,,9,,,
7413,37,CENNET- TEPEÜSTÜ-KANARYA-HASTANE,KÜÇÜKÇEKMECE - SEFAKÖY - SULTAN MURAT,,9,,,
7395,37,KADIKÖY-ÖRNEK MAHALLESÝ-MUSTAFA KEMAL MAH,KADIKÖY - ÖRNEK MH - M.KEMAL MH. - EYÜBOÐLU,,9,,,
7297,37,PENDÝK-AYDINLI KÖYÜ-DERÝ SANAYÝ-MERMERCÝLER-KÝMYA*,PENDÝK - AYDINLI KÖYÜ - DERÝ SANAYÝÝ,,9,,,
7171,37,GÖKTÜRK-EYÜP,GÖKTÜRK - KEMERBURGAZ - ALÝBEYKÖY - EYÜP,,9,,,
7135,37,AVCILAR-DELÝKLÝKAYA,AVCILAR - ESENYURT,,9,,,
7455,37,BAKIRKÖY-HASTANE-ESENLER-ATIÞALANI-1,BAKIRKÖY - ESENLER - ATIÞALANI - OTOGAR,,9,,,
7382,37,KADIKÖY-KAZASKER-ÝÇERENKÖY-ÝNÖNÜ-FERHATPAÞA,KADIKÖY - KÜÇÜKBAKKALKÖY,,9,,,
7205,37,KÜÇÜKÇEKMECE-K.SULTAN SÜLEYMAN HAS. -ÞAHÝNTEPE 2,KULELÝ - GÜVERCÝNTEPE - ÞAHÝNTEPE - TAHTAKALE,,9,,,
7288,37,TOPKAPI-ALÝBEYKÖY-SAYA YOKUÞU-KARAYOLARI,KARAYOLLARI-Ý.H.L - ALÝBEYKÖY - EYÜP - EDÝRNEKAPI -TOPKAPI,,9,,,
7188,37,ÞÝÞLÝ-CENGÝZ TOPEL CD-YUNUS EMRE MAHALLESÝ,ÞÝÞLÝ - ÞÝÞHANE - KARAYOLLARI - ÝMAR BLOKLARI,,9,,,
7221,37,ORTAÇEÞME-KAVACIK-RÜZGARLIBAHÇE,ORTAÇEÞME - KAVACIK - RÜZGARLIBAHÇE,,9,,,
7110,37,BAKIRKÖY – BAÐCILAR – KEMALPAÞA GÜZERGAHI-1,BAKIRKÖY - BAÐCILAR - KEMALPAÞA MH. - ÞÝRÝNEVLER,,9,,,
7487,37,12.GÜZERGAH,AVCILAR - ESENYURT,,9,,,
7192,37,ÞÝÞHANE-CENGÝZ TOPEL CD-YUNUS EMRE MAHALLESÝ,ÞÝÞLÝ - ÞÝÞHANE - KARAYOLLARI - ÝMAR BLOKLARI,,9,,,
7325,37,CEBECÝ- GAZÝOSMANPAÞA,CEBECÝ - GAZÝ MH - KÜÇÜKKÖY - GAZÝOSMANPAÞA - EYÜP,,9,,,
7254,37,TERSANE-ÝÇMELER KÖPRÜSÜ RÝNG,TERSANELER - TUZLA - AYDINLI - ORHANLI,,9,,,
7243,37,ÜMRANÝYE-N.KEMAL-M.KML-ÖRN.MH-GÖZ.EÐ.AR.H.,ÜMRANÝYE - M.KEMAL MH. - ÖRNEK MH.,,9,,,
7441,37,SULTANBEYLÝ-FERHATPAÞA (YEDÝTEPE ÜNÝVERSÝTESÝ),SULTANBEYLÝ - SARIGAZÝ - DUDULLU,,9,,,
7389,37,KADIKÖY-KOÞUYOLU-ÜMRANÝYE,KADIKÖY - KOÞUYOLU - ÜMRANÝYE,,9,,,
7158,37,SOÐUKSU-BASINKÖY,KÜÇÜKÇEKMECE - SEFAKÖY - SULTAN MURAT,,9,,,
7233,37,ÜMRANÝYE-TALÝMHANE-ÇENGELKÖY,ÜSKÜDAR - ÇENGELKÖY - TALÝMHANE - ÜMRANÝYE,,9,,,
7433,37,KARTAL-HÜRRÝYET MAHALLESÝ-AKYILMAZ KONUTLARI,KARTAL - HÜRRÝYET MH. - KARTAL CEZAEVÝ,,9,,,
7247,37,KADIKÖY-CAPÝTOL-EMNÝYET MAHALLESÝ,KADIKÖY - POLÝS HASTANESÝ-EMNÝYET MAHALLESÝ,,9,,,
7241,37,SÝLAHTARAÐA CAD.-GOP-OTOGAR 2,YILDIZTABYA - PAZARÝÇÝ - GOP - TOPKAPI,,9,,,
7361,37,EVREN MAH-BAÐCILAR DEVLET HASTANESÝ,ÝNCÝRLÝ - EVREN MH. - BAÐCILAR,,9,,,
7161,37,YAHYA KEMAL- ÞÝÞLÝ,ÞÝÞLÝ - ÇAÐLAYAN - Y.KEMAL - GÜLTEPE - 4.LEVENT,,9,,,
7163,37,YAHYA KEMAL-DERE CADDESÝ-NOBEL ÝLAÇ FABRÝKASI,ÞÝÞLÝ - ÇAÐLAYAN - Y.KEMAL - GÜLTEPE - 4.LEVENT,,9,,,
7116,37,GOP-CENGÝZ TOPEL CAD.-ÝMAR BLOKLARI,GAZÝOSMANPAÞA – ÝMAR BLOKLARI,,9,,,
7447,37,ÝNCÝRLÝ- EVREN MAH-ÝSTOÇ,ÝNCÝRLÝ - EVREN MH. - BAÐCILAR,,9,,,
7218,37,GÜZELTEPE-ÝSTOÇ,KARAYOLLARI-Ý.H.L - ALÝBEYKÖY - EYÜP - EDÝRNEKAPI -TOPKAPI,,9,,,
7253,37,ÜMRANÝYE-ÇAKMAK-DUDULLU-ÇEKMEKÖY,ÜMRANÝYE - DUDULLU - ÇEKMEKÖY - ÞAHÝNBEY,,9,,,
7374,37,ÇAYIROVA KAVÞAÐI-HAREM,GEBZE - HAREM,,9,,,
7334,37,PENDÝK-PENDÝK EÐÝTÝM VE ARAÞTIRMA HASTANESÝ-KÝPTAÞ,PENDÝK - KURTKÖY - HARMANDERE - ORHANLI,,9,,,
7296,37,BAKIRKÖY-ÞÝRÝNEVLER-ÝKÝTELLÝ KÖYÝÇÝ,BAKIRKÖY - ÝKÝTELLÝ - MAHMUTBEY,,9,,,
7231,37,TOPKAPI-ÝKÝTELLÝ-DEPREM KONUTLARI-KAYAÞEHÝR,TOPKAPI - OTOGAR - M. AKÝF MAH - DEPREM KONUTLARI,,9,,,
7320,37,EMLAK KONUT-AYDINTEPE MAH.YAYLA MAH.VÝA MARÝNA,TERSANELER - TUZLA - AYDINLI - ORHANLI,,9,,,
7386,37,BÜYÜKÇEKMECE-KARAAÐAÇ,BÜYÜKÇEKMECE - BEYKENT,,9,,,
7107,37,ÝNCÝRLÝ-ÇAVUÞPAÞA,ÇAVUÞPAÞA-BAHÇELÝEVLER-ÝNCÝRLÝ,,9,,,
7342,37,PENDÝK-MARMARA ÜNV. PENDÝK EÐT. VE ARÞ HAS. 3,PENDÝK - KAYNARCA - ESENYALI MH.,,9,,,
7357,37,KARTAL-KARTAL CEZAEVÝ-YAYALAR MAHALLESÝ,KARTAL - HÜRRÝYET MH. - KARTAL CEZAEV,,9,,,
7222,37,AVCILAR-KIRAÇ2,AVCILAR - ESENYURT,,9,,,
7402,37,BOSTANCI-K.BAKKALKÖY-KAYIÞDAÐI-DUDULLU,BOSTANCI - DUDULLU,,9,,,
7380,37,KADIKÖY-FÝKÝRTEPE-GÖZCÜBABA-SAHRAYICEDÝD,KADIKÖY - FÝKÝRTEPE - GÖZCÜBABA -SAHRAYICEDÝD,,9,,,
7128,37,ÞÝRÝNEVLER-ORMANTEPE SK. 2.GÜZERGAH,ÇAVUÞPAÞA-BAHÇELÝEVLER-ÝNCÝRLÝ,,9,,,
7335,37,PENDÝK-ESENYALI MAH.,PENDÝK - KAYNARCA - ESENYALI MH.,,9,,,
7337,37,PENDÝK-RAMAZANOÐLU MAH.,PENDÝK - KAYNARCA - ESENYALI MH.,,9,,,
7369,37,EVREN MAH.-BAÐCILAR DEVLET HASTANE,TOPKAPI - ÇÝFTLÝK - FATÝH MAHALLESÝ - ÝSTOÇ,,9,,,
7375,37,PENDÝK-450 KONUTLAR-KARTAL CEZAEVÝ,PENDÝK - 450.KONUTLAR - KARTAL CEZAEVÝ,,9,,,
7416,37,FERHATPAÞA-BATI ATAÞEHÝR,KADIKÖY - KÜÇÜKBAKKALKÖY,,9,,,
7165,37,ÞÝÞHANE-OKMEYDANI-ÞÝÞLÝ,ÞÝÞHANE - ÞÝÞLÝ,,9,,,
7262,37,SEFAKÖY-BOÐAZKÖY,SEFAKÖY - KAYABAÞI - BOÐAZKÖY,,9,,,
7197,37,TUZLA-PENDÝK,PENDÝK - TUZLA,,9,,,
7448,37,BAKIRKÖY-ÞÝRÝNEVLER-FATÝH MH.,BAKIRKÖY - ÝKÝTELLÝ - MAHMUTBEY,,9,,,
7352,37,ÞÝLE-KUMBABA-MEÞRUTÝYET KÖYÜ-AHMETLÝ TOKÝ,ÞÝLE - KUMBABA - MEÞRUTÝYET KÖYÜ-AHMETLÝ TOKÝ,,9,,,
7196,37,BAKIRKÖY-ATAKÖY-Y.BOSNA METRO,BAKIRKÖY - ATAKÖY,,9,,,
7140,37,AVCILAR-KIRAÇ,AVCILAR - ESENYURT,,9,,,
7519,37,KADIKÖY-ACIBADEM-K.ÇAMLICA-BULGURLU,KADIKÖY - ACIBADEM - ÜNALAN MH. - BULGURLU MH.,,9,,,
7457,37,BAKIRKÖY-KULELÝ-ÝSTOÇ,KULELÝ - ÝSTOÇ,,9,,,
7201,37,KÜÇÜKÇEKMECE - SEFAKÖY - TEVFÝKBEY MAH.,KÜÇÜKÇEKMECE - SEFAKÖY - TEVFÝKBEY MAH.,,9,,,
7200,37,KULELÝ - YENÝDOÐAN,KULELÝ - YENÝDOÐAN,,9,,,
7228,37,AVCILAR - HARAMÝDERE,AVCILAR - ESENYURT,,9,,,
7178,37,ÝKÝTELLÝ ORG.SAN.-M. AKÝF MH.-GÖZTEPE MH.-TOPKAPI,TOPKAPI - OTOGAR - M. AKÝF MAH - DEPREM KONUTLARI,,9,,,
7255,37,ÜMRANÝYE-ÇAKMAK-DUDULLU-ÞAHÝNBEY,ÜMRANÝYE - DUDULLU - ÇEKMEKÖY - ÞAHÝNBEY,,9,,,
7147,37,Þ.EVLER-KULELÝ-MASKO-AYMAKOP-ONURKENT-KAYAÞEHÝR,KULELÝ - DEPREM KONUTLARI - ONURKENT - KAYAÞEHÝR,,9,,,
7339,37,BAHÇELÝEVLER METRO ÝST-KALE ÝÞ M-BAÐCILAR 2,100.YIL MH - BAÐCILAR - TOPKAPI,,9,,,
7372,37,CEBECÝ MAH-TOPKAPI 1,CEVATPAÞA - B.PAÞA - OTOGAR - EYÜP - EDÝRNEKAPI,,9,,,
7294,37,PENDÝK-HÜRRÝYET MAHALLESÝ-YAKACIK,PENDÝK - HÜRRÝYET MAHALLESÝ,,9,,,
7270,37,CEVATPAÞA- KOCATEPE-EDÝRNEKAPI,CEVATPAÞA - B.PAÞA - OTOGAR - EYÜP - EDÝRNEKAPI,,9,,,
7417,37,BOSTANCI KAVÞAÐI-ÝÇERENKÖY-BATI ATAÞEHÝR,KADIKÖY - KÜÇÜKBAKKALKÖY,,9,,,
7333,37,TOPKAPI-GÜNGÖREN-BAÐCILAR-GÝYÝMKENT,100.YIL MH - BAÐCILAR - TOPKAPI,,9,,,
7410,37,BEYLÝKDÜZÜ BELEDÝYESÝ-BÜYÜKÇEKMECE ATÝRUS AVM,B.ÇEKMECE - GÜRPINAR - YAKUPLU - BEYLÝKDÜZÜ,,9,,,
7512,37,Gümüþdere-Kýsýrkaya-H.Osman Metro-Kaymakamlýk,H.Osman Metro-Kaymakamlýk,,9,,,
7227,37,KÜÇÜKYALI-AYDINEVLER-FINDIKLI,KÜÇÜKYALI - AYDINEVLER - FINDIKLI,,9,,,
7265,37,KÜÇÜKÇEKMECE-GÜVERCÝNTEPE-KAYAÞEHÝR,KÜÇÜKÇEKMECE - KAYABAÞI - TAHTAKALE,,9,,,
7162,37,YAHYA KEMAL-GÜLTEPE-4.LEVENT,ÞÝÞLÝ - ÇAÐLAYAN - Y.KEMAL - GÜLTEPE - 4.LEVENT,,9,,,
7212,37,BEÞYOL - FLORYA,BEÞYOL - FLORYA,,9,,,
7180,37,ÞÝÞLÝ-KAÐITHANE-ABDURRAHMAN MH-BAÞAK KONUTLARI,ÞÝÞLÝ - KAÐITHANE - GÜZELTEPE - ABDURAHMAN MH.,,9,,,
7400,37,BOSTANCI-K.BAKKALKÖY-ÞERÝFALÝ ÇÝFTLÝÐÝ-DUDULLU,BOSTANCI - DUDULLU,,9,,,
7242,37,ÜSKÜDAR- BATI ATAÞEHÝR-ATAÞEHÝR-FERHATPAÞA,ÜSKÜDAR - ATAÞEHÝR-FERHATPAÞA,,9,,,
7350,37,AVCILAR-TOKAT MAH-BALIK YOLU,KÜÇÜKÇEKMECE - AVCILAR -  BALIK YOLU - ÖRNEK MH.,,9,,,
7280,37,NUR SÝTESÝ-TOPKAPI 2,GAZÝ MAHALLESÝ - CEBECÝ - KÜÇÜKKÖY - EDÝRNEKAPI,,9,,,
7363,37,BÜYÜKÇEKMECE-BEYKENT,BÜYÜKÇEKMECE-BEYKENT,,9,,,
7399,37,PASABAHÇE-SOÐUKSU-ACARKENT,PASABAHÇE - SOÐUKSU - ACARKENT,,9,,,
7226,37,AVCILAR - BALIKYOLU,AVCILAR - ESENYURT,,9,,,
7285,37,GAZÝ MH.-TOPKAPI 2,GAZÝ MAHALLESÝ - CEBECÝ - KÜÇÜKKÖY - EDÝRNEKAPI,,9,,,
7462,37,BÜYÜKÇEKMECE-MÝMAROBA,BÜYÜKÇEKMECE - MÝMARSÝNAN,,9,,,
7356,37,KARTAL-HÜRRÝYET MAHALLESÝ,KARTAL - HÜRRÝYET MH. - KARTAL CEZAEVÝ,,9,,,
7119,37,KÜÇÜKÇEKMECE-AVCILAR-AMBARLI-ÝNSA SÝTESÝ,KÜÇÜKÇEKMECE - AVCILAR - BEYLÝKDÜZÜ,,9,,,
7440,37,BAKIRKÖY-MERTER-TOPKAPI,BAKIRKÖY - METRO - TOPKAPI,,9,,,
7480,37,BOSTANCI-ÝÇERENKÖY-ÞERÝFALÝ ÇÝFTLÝÐÝ-DUDULLU,BOSTANCI - DUDULLU,,9,,,
7454,37,BAKIRKÖY-YENÝMAHALLE-OTOGAR,BAKIRKÖY - ESENLER - ATIÞALANI - OTOGAR,,9,,,
7381,37,KADIKÖY-TÜCCARBAÞI-KAZASKER-ÝÇERENKÖY-K.BAKKALKÖY,KADIKÖY - KÜÇÜKBAKKALKÖY,,9,,,
7422,37,BAHÇELÝEVLER METRO ÝST-KALE ÝÞ M-BAÐCILAR 3,TOPKAPI - YAYLA - ÇAVUÞPAÞA - OTOSANAYÝ,,9,,,
7367,37,VÝA-PORT-SULTANBEYLÝ-DUDULLU,SULTANBEYLÝ - SARIGAZÝ - DUDULLU,,9,,,
7291,37,KARTAL-YAKACIK-UÐUR-MUMCU (ÝÇÝ)-ORTADAÐ-AKPINARMAH. SAMANDIRA-YENÝDOÐAN,KARTAL-SOÐANLIK-YAKACIK-AKPINARMAH.-SAMANDIRA-YENÝDOÐAN,,9,,,
7117,37,KÜÇÜKÇEKMECE-AVCILAR-CÝHANGÝR MH.,KÜÇÜKÇEKMECE - AVCILAR - BEYLÝKDÜZÜ,,9,,,
7293,37,TOPKAPI-ESENLER-ATIÞALANI-TEPE,100.YIL - ATIÞALANI - ESENLER - TOPKAPI,,9,,,
7390,37,MALTEPE-GÜLENSU,MALTEPE - GÜLSUYU - GÜLENSU,,9,,,
7191,37,PAZARÝÇÝ-GOP-TOPKAPI,YILDIZTABYA- PAZARÝÇÝ- GOP- TOPKAPI,,9,,,
7501,37,TARABYAÜSTÜ-ÝSTÝNYE-ÝSTÝNYE PARK AVM,SARIYER BÖLGE ÇALIÞMA GRUBU,,9,,,
7224,37,AVCILAR-ESENYURT-HADIMKÖY,AVCILAR - ESENYURT,,9,,,
7398,37,ÜSKÜDAR-ÜMRANÝYE-TAVUKÇUYOLU-ALEMDAÐ ÜSKÜDAR-ZEYNEP KAMÝL ÖRNEK MAHALLESÝ-ESATPAÞA,ÜSKÜDAR - ÖRNEK MH. - ESATPAÞA MH.,,9,,,
7326,37,TOPKAPI-ESENLER-ATIÞALANI-GÝYÝMKENT,100.YIL - ATIÞALANI - ESENLER - TOPKAPI,,9,,,
7245,37,ÜSKÜDAR-KOÞUYOLU-ACIBADEM,ÜSKÜDAR - KOÞUYOLU - ACIBADEM,,9,,,
7392,37,MALTEPE-BAÞIBÜYÜK,MALTEPE - BAÞIBÜYÜK,,9,,,
7314,37,DEPREM KONUTLARI-M.AKÝF MH-KÜÇÜKÇEKMECE,KÜÇÜKÇEKMECE MEHMET AKÝF MAH- ÝKÝTELLÝ,,9,,,
7414,37,YAKUPLU(ÝHLAS MARMARA 1.ETAP)-TÜYAP-BÜYÜKÇEKMECE,B.ÇEKMECE - GÜRPINAR - YAKUPLU - BEYLÝKDÜZÜ,,9,,,
7393,37,MALTEPE-FINDIKLI MAHALLESÝ,MALTEPE - BAÞIBÜYÜK,,9,,,
7311,37,TOPKAPI-YENÝHAL-TULUMBA,100.YIL - ATIÞALANI - ESENLER - TOPKAPI,,9,,,
7298,37,MALTEPE-ESENKENT,MALTEPE-ESENKENT,,9,,,
7292,37,PENDÝK-TOPSELVÝ,PENDÝK - TOPSELVÝ,,9,,,
3789,19,BAÐLARBAÞI - DR BURHANETTÝN ÜSTÜNEL SK-KADIKÖY,BAÐLARBAÞI - KADIKÖY,,10,,,
7077,19,BEÞÝKTAÞ - NÝSPETÝYE METRO,BEÞÝKTAÞ-ORTAKÖY-PORTAKAL YOKUÞU-NÝSPETÝYE METRO,,10,,,
3743,19,ÇEKMEKÖY - ÞAHÝNBEY CAD-KADIKÖY,ÇEKMEKÖY - KADIKÖY,,10,,,
3790,19,EMÝNÖNÜ - REFÝK SAYDAM CAD-NÝÞANTAÞI,EMÝNÖNÜ - NÝÞANTAÞI,,10,,,
3791,19,BAKIRKÖY -DARULACEZE CAD- ÞÝÞLÝ,BAKIRKÖY - ÞÝÞLÝ,,10,,,
7079,19,BEÞÝKTAÞ - ETÝLER METRO,BEÞÝKTAÞ-KURUÇEÞME-BEBEK-BEBEK YOKUÞU-ETÝLER METRO,,10,,,
3774,19,ÜSKÜDAR-GAZÝ CAD- BAÐLARBAÞI,ÜSKÜDAR-BAÐLARBAÞI,,10,,,
3796,19,EMÝNÖNÜ -SAHÝL YOLU- ÞÝÞLÝ,EMÝNÖNÜ - ÞÝÞLÝ,,10,,,
3753,19,CEVÝZLÝBAÐ - TURGUT ÖZAL MÝLLET CAD-TAKSÝM,CEVÝZLÝBAÐ - TAKSÝM,,10,,,
3777,19,TEÞVÝKÝYE - ABDÝ ÝPEKÇÝ CAD- TAKSÝM,TEÞVÝKÝYE - TAKSÝM,,10,,,
3766,19,BEÞÝKTAÞ -DOLMABAHÇE CAD- TAKSÝM,BEÞÝKTAÞ - TAKSÝM,,10,,,
3786,19,K.M.PAÞA -REFÝK SAYDAM CAD- TAKSÝM,K.M.PAÞA - TAKSÝM,,10,,,
3740,19,ÇEKMEKÖY - ÜSKÜDAR,ÇEKMEKÖY - ÜSKÜDAR,,10,,,
3746,19,YEÞÝLKÖY - D100 KARAYOLU- TAKSÝM,YEÞÝLKÖY - TAKSÝM,,10,,,
7076,19,ATAÞEHÝR - UZUNÇAYIR,ATAÞEHÝR - UZUNÇAYIR,,10,,,
3745,19,BAKIRKÖY -SAHÝL YOLU-TAKSÝM,BAKIRKÖY - TAKSÝM,,10,,,
3805,19,EMÝNÖNÜ - SAHÝL YOLU-NÝÞANTAÞI,EMÝNÖNÜ - NÝÞANTAÞI,,10,,,
3775,19,SÖÐÜTLEÞME METROBÜS- BAÐDAT CAD - BOSTANCI,SÖÐÜTLÜÇEÞME METROBÜ  - BOSTANCI,,10,,,
3776,19,TOPKAPI - TURGUT ÖZAL MÝLLET CAD- TAKSÝM,TOPKAPI - TAKSÝM,,10,,,
3739,19,BAKIRKÖY -D100 KARAYOLU- ÞÝÞLÝ,BAKIRKÖY - ÞÝÞLÝ,,10,,,
3797,19,BOSTANCI - BAÐDAT CAD - TAKSÝM,BOSTANCI - TAKSÝM,,10,,,
3751,19,TEÞVÝKÝYE - KADIRGALAR CAD-TAKSÝM,TEÞVÝKÝYE - TAKSÝM,,10,,,
3795,19,KADIKÖY -TOPHANELÝOÐLU CAD- NÝÞANTAÞI,KADIKÖY - NÝÞANTAÞI,,10,,,
3750,19,YENÝBOSNA - D100 KARAYOLU- TAKSÝM,YENÝBOSNA - TAKSÝM,,10,,,
3781,19,AKSARAY-REFÝK SAYDAM CAD-TAKSÝM,AKSARAY - TAKSÝM,,10,,,
3765,19,BOSTANCI - ANKARA CAD - PENDÝK,BOSTANCI - PENDÝK,,10,,,
3806,19,YENÝBOSNA - SAHÝL YOLU- TAKSÝM,YENÝBOSNA - TAKSÝM,,10,,,
3761,19,ÜSKÜDAR-CUMHURÝYET CAD- BAÐLARBAÞI,ÜSKÜDAR-BAÐLARBAÞI,,10,,,
3800,19,ÇEKMEKÖY - ÞÝLE YOLUKADIKÖY,ÇEKMEKÖY - KADIKÖY,,10,,,
3783,19,BEÞÝKTAÞ -SÜLEYMAN SEBA CAD- HARBÝYE,BEÞÝKTAÞ - HARBÝYE,,10,,,
3755,19,KADIKÖY - D100 KARAYOLU-TAKSÝM,KADIKÖY - TAKSÝM,,10,,,
3788,19,BAÐLARBAÞI -NUHKUYUSU CAD- KADIKÖY,BAÐLARBAÞI - KADIKÖY,,10,,,
3772,19,BEÞÝKTAÞ -SÜLEYMAN SEBA CAD- TAKSÝM,BEÞÝKTAÞ - TAKSÝM,,10,,,
3762,19,KADIKÖY -D100 KARAYOLU- NÝÞANTAÞI,KADIKÖY - NÝÞANTAÞI,,10,,,
3782,19,ÜSKÜDAR - EMNÝYET MAHALLESÝ,ÜSKÜDAR - EMNÝYET MAHALLESÝ,,10,,,
3779,19,ÜSKÜDAR - GÜNDOÐUMU CAD- KADIKÖY,ÜSKÜDAR - KADIKÖY,,10,,,
3741,19,CEVÝZLÝBAÐ - ADNAN MENDERES VATAN BLV- TAKSÝM,CEVÝZLÝBAÐ - TAKSÝM,,10,,,
3773,19,YEÞÝLKÖY - SAHÝL YOLU- TAKSÝM,YEÞÝLKÖY - TAKSÝM,,10,,,
3799,19,BAKIRKÖY -D100 KARAYOLU- TAKSÝM,BAKIRKÖY - TAKSÝM,,10,,,
3749,19,KADIKÖY - NUHKUYUSU CAD-TAKSÝM,KADIKÖY - TAKSÝM,,10,,,
3780,19,KADIKÖY - BAÐDAT CAD- BOSTANCI,KADIKÖY - BOSTANCI,,10,,,
3803,19,ÜSKÜDAR - ABDULLAH AÐA CAD- BEYKOZ,ÜSKÜDAR - BEYKOZ,,10,,,
3738,19,K.M.PAÞA -BAHRÝYE CAD- TAKSÝM,K.M.PAÞA - TAKSÝM,,10,,,
3771,19,FLORYA -SAHÝL YOLU- TAKSÝM,FLORYA - TAKSÝM,,10,,,
3747,19,BOSTANCI -TURGUT ÖZAL BLV- PENDÝK,BOSTANCI - PENDÝK,,10,,,
3757,19,BOSTANCI -D100 KARAYOLU -TAKSÝM,BOSTANCI - TAKSÝM,,10,,,
3794,19,BEÞÝKTAÞ -CUMHURÝYET CAD- HARBÝYE,BEÞÝKTAÞ - HARBÝYE,,10,,,
3778,19,AKSARAY-ÖMER HAYYAM CAD-TAKSÝM,AKSARAY - TAKSÝM,,10,,,
7451,19,KADIKÖY-ATAÞEHÝR,KADIKÖY-ATAÞEHÝR,,10,,,
3798,19,ÜSKÜDAR - ÝCADÝYE CAD- BEYKOZ,ÜSKÜDAR - BEYKOZ,,10,,,
3793,19,KADIKÖY -MÜNÝR NURETTÝN SELCUK CAD- BOSTANCI,KADIKÖY - BOSTANCI,,10,,,
3785,19,ATAÞEHÝR - TAKSÝM,ATAÞEHÝR - TAKSÝM,,10,,,
3744,19,SÖÐÜTLEÞME METROBÜS - SÖGÜTLÜÇEÞME CAD- BOSTANCI,SÖÐÜTLÜÇEÞME METROBÜ  - BOSTANCI,,10,,,
3764,19,EMÝNÖNÜ - REFÝK SAYDAM CAD-ÞÝÞLÝ,EMÝNÖNÜ - ÞÝÞLÝ,,10,,,
3752,19,TOPKAPI - ADNAN MENDERES VATAN BLV- TAKSÝM,TOPKAPI - TAKSÝM,,10,,,
7081,19,KASIMPAÞA - PANGALTI,KASIMPAÞA - PANGALTI,,10,,,
3742,19,ÜSKÜDAR - HALK  CAD- KADIKÖY,ÜSKÜDAR - KADIKÖY,,10,,,
3754,19,FLORYA -D100 KARAYOLU- TAKSÝM,FLORYA - TAKSÝM,,10,,,
26724,20,BEÞÝKTAÞ-BURGAZADA,BEÞÝKTAÞ-YENÝKAPI-KINALIADA-BURGAZADA,,4,http://www.ido.com.tr,,
26725,20,BEÞÝKTAÞ - HEYBELÝADA,BEÞÝKTAÞ - YENÝKAPI - BÜYÜKADA - HEYBELÝADA,,4,http://www.ido.com.tr,,
3854,20,BOSTANCI-B.KÖY,BOSTANCI - KADIKÖY - YENÝKAPI - BAKIRKÖY,,4,http://www.ido.com.tr/tr/tarifeler/2018-kis-tarifesi,,
3856,20,BOSTANCI - BEÞÝKTAÞ,BOSTANCI - BEÞÝKTAÞ,,4,http://www.ido.com.tr/tr/tarifeler/2015-yaz-tarifesi/680,,
3880,20,SÝRKECÝ - HAREM,SÝRKECÝ - HAREM (Arabalý Vapur),,4,http://www.ido.com.tr/tr/tarifeler/2014-yaz-tarifesi/691,,
7565,48,B.CKMC_B.ADA,BÜYÜKÇEKMECE(MÝMARSÝNAN) - BÜYÜKADA,,4,http://www.turyol.com/TarifeSeferSabit.aspx,,
7559,48,K.KOY_KDK,KARAKÖY - KADIKÖY (METRO),,4,,,
7555,48,EMN_KDK2,EMÝNÖNÜ - KADIKÖY2 (ÇAYIRBAÞI),,4,,,
7566,48,K.KOY_K.ADA,KARAKÖY - KINALIADA,,4,,,
7568,48,B.KOY_ADA,BAKIRKÖY - KINALIADA/HEYBELÝADA/BÜYÜKADA,,4,http://www.turyol.com/TarifeSeferSabit.aspx,,
7564,48,K.ADA_K.KOY_EMN,KINALIADA - KADIKÖY (METRO) - EMÝNÖNÜ,,4,,,
7553,48,EMN_KDK,EMÝNÖNÜ - KADIKÖY (METRO),,4,,,
7557,48,KDK_EMN_K.KOY,KADIKÖY (METRO) - EMÝNÖNÜ - KARAKÖY,,4,,,
7567,48,K.KOY_B.ADA,KARAKÖY - BÜYÜKADA,,4,,,
7550,48,B.KOY_KDK,BAKIRKÖY - KADIKÖY (Metro),,4,,,
7558,48,KDK2_K.KÖY_EMN,KADIKÖY2 (ÇAYIRBAÞI) - KARAKÖY - EMÝNÖNÜ,,4,,,
7551,48,BSK_KDK,BEÞÝKTAÞ - KADIKÖY (METRO),,4,,,
7561,48,K.KOY_USK,KARAKÖY - ÜSKÜDAR,,4,,,
7569,48,KDK_ADA,KADIKÖY(METRO) - KINALIADA/HEYBELÝADA/BÜYÜKADA,,4,http://www.turyol.com/TarifeSeferSabit.aspx,,
7556,48,EMN_USK,EMÝNÖNÜ - ÜSKÜDAR,,4,,,
7560,48,K.KÖY_KDK2,KARAKÖY - KADIKÖY2 (ÇAYIRBAÞI),,4,,,
7562,48,USK_K.KOY_EMN,ÜSKÜDAR - KARAKÖY - EMÝNÖNÜ,,4,,,
7570,48,ADA-EMN,ADALAR - KADIKÖY(METRO)/EMÝNÖNÜ,,4,http://www.turyol.com/TarifeSeferSabit.aspx,,
26731,33,KBT-KDK,KABATAÞ - KADIKÖY,,4,http://www.denturavrasya.com/tr-TR/yazi.aspx?kid=75&id=461,,
26730,33,SRK-ADA,SÝRKECÝ - ADALAR,,4,http://www.denturavrasya.com.tr,,
7549,33,KBT-ADA,KABATAÞ - ADALAR (HEYBELÝADA - BÜYÜKADA),,4,http://www.denturavrasya.com.tr,,
5560,33,EMN-BBK,EMÝNÖNÜ-BEBEK,,4,http://www.denturavrasya.com/tr-TR/yazi.aspx?kid=75&id=42,,
5562,33,ÜSK-BÞK,ÜSKÜDAR - BEÞÝKTAÞ,,4,http://www.denturavrasya.com/tr-TR/yazi.aspx?kid=75&id=31,,
5561,33,ÜSK-KBTÞ,ÜSKÜDAR - KABATAÞ,,4,http://www.denturavrasya.com/tr-TR/yazi.aspx?kid=75&id=41,,
7547,33,AVC-ADA,AVCILAR-ADALAR,,4,http://www.denturavrasya.com.tr,,
7548,33,BÞK-K.KÖY,BEÞÝKTAÞ - KADIKÖY,,4,http://www.denturavrasya.com.tr,,
